date,zscore,position_1,position_2,action
2022-12-30,1.3866804958321395,0,0,"Buy 300745, Sell 301488"
2023-01-03,0.7957418099631417,31887.755102040817,0.0,No action
2023-01-04,-0.4609835126433735,31887.755102040817,0.0,No action
2023-01-05,0.0831982733034293,31887.755102040817,0.0,No action
2023-01-06,0.4730813769486341,31887.755102040817,0.0,No action
2023-01-09,0.8411685929199153,31887.755102040817,0.0,No action
2023-01-10,0.02601095291557886,31887.755102040817,0.0,No action
2023-01-11,0.05618717539668773,31887.755102040817,0.0,No action
2023-01-12,0.013170462444918637,31887.755102040817,0.0,No action
2023-01-13,-0.0756681036864252,31887.755102040817,0.0,No action
2023-01-16,0.3037845794931201,31887.755102040817,0.0,No action
2023-01-17,-0.05779239515620042,31887.755102040817,0.0,No action
2023-01-18,0.17779202618740242,31887.755102040817,0.0,No action
2023-01-19,0.3129924220181284,31887.755102040817,0.0,No action
2023-01-20,0.7390944660950985,31887.755102040817,0.0,No action
2023-01-30,0.5021074746375793,31887.755102040817,0.0,No action
2023-01-31,0.7607828147442327,31887.755102040817,0.0,No action
2023-02-01,0.9254768316352158,31887.755102040817,0.0,No action
2023-02-02,1.5186455953359568,31887.755102040817,0.0,No action
2023-02-03,0.4053210111940759,31887.755102040817,0.0,No action
2023-02-06,0.7225862418024962,31887.755102040817,0.0,No action
2023-02-07,0.9926270491174176,31887.755102040817,0.0,No action
2023-02-08,0.768588087155344,31887.755102040817,0.0,No action
2023-02-09,0.4225492041797351,31887.755102040817,0.0,No action
2023-02-10,-0.07991089990444135,31887.755102040817,0.0,No action
2023-02-13,-1.0358792161951462,31887.755102040817,0.0,"Buy 301488, Sell 300745"
2023-02-14,0.46668095604736615,0.0,73925.1973966348,No action
2023-02-15,0.5000223031028149,0.0,73925.1973966348,"Buy 300745, Sell 301488"
2023-02-16,-0.03883673358638438,33474.42308006444,0.0,No action
2023-02-17,0.4518979189430016,33474.42308006444,0.0,No action
2023-02-20,0.8387958901871199,33474.42308006444,0.0,No action
2023-02-21,0.2978516819631563,33474.42308006444,0.0,No action
2023-02-22,-0.3713876105467597,33474.42308006444,0.0,No action
2023-02-23,0.0015548313108286757,33474.42308006444,0.0,No action
2023-02-24,0.09244348310065448,33474.42308006444,0.0,No action
2023-02-27,-0.3241631872532607,33474.42308006444,0.0,No action
2023-02-28,-0.7277493749632467,33474.42308006444,0.0,"Buy 301488, Sell 300745"
2023-03-01,-1.3300535280405081,0.0,76859.57830054108,No action
2023-03-02,-3.305867714504983,0.0,76859.57830054108,No action
2023-03-03,-2.387053385388648,0.0,76859.57830054108,No action
2023-03-06,-1.7235692796313649,0.0,76859.57830054108,No action
2023-03-07,-1.462916307014713,0.0,76859.57830054108,No action
2023-03-08,-1.8761778606210076,0.0,76859.57830054108,No action
2023-03-09,-1.652318890832203,0.0,76859.57830054108,No action
2023-03-10,-1.7636733133305311,0.0,76859.57830054108,No action
2023-03-13,-1.5375842657099794,0.0,76859.57830054108,No action
2023-03-14,-1.5298514464473674,0.0,76859.57830054108,No action
2023-03-15,-1.3984636907355588,0.0,76859.57830054108,No action
2023-03-16,-1.7150463199231236,0.0,76859.57830054108,No action
2023-03-17,-1.5684804568841335,0.0,76859.57830054108,No action
2023-03-20,-0.500510202550535,0.0,76859.57830054108,No action
2023-03-21,-0.8571594981650648,0.0,76859.57830054108,No action
2023-03-22,-0.5313339405762015,0.0,76859.57830054108,No action
2023-03-23,-0.32312060148588245,0.0,76859.57830054108,No action
2023-03-24,-0.6024767903505938,0.0,76859.57830054108,No action
2023-03-27,-0.9289498634840185,0.0,76859.57830054108,No action
2023-03-28,-0.7940019129750532,0.0,76859.57830054108,No action
2023-03-29,-0.8153302772776647,0.0,76859.57830054108,No action
2023-03-30,-1.3801929119825211,0.0,76859.57830054108,No action
2023-03-31,-0.2959295114058679,0.0,76859.57830054108,No action
2023-04-03,0.2856937929133439,0.0,76859.57830054108,No action
2023-04-04,0.6078867025565511,0.0,76859.57830054108,"Buy 300745, Sell 301488"
2023-04-06,1.3852428398419523,35634.69292404107,0.0,No action
2023-04-07,1.432827247481974,35634.69292404107,0.0,No action
2023-04-10,1.0802781231844003,35634.69292404107,0.0,No action
2023-04-11,1.0077327032961112,35634.69292404107,0.0,No action
2023-04-12,0.4620408082106182,35634.69292404107,0.0,No action
2023-04-13,-0.1455510082479569,35634.69292404107,0.0,No action
2023-04-14,1.717363560703225,35634.69292404107,0.0,No action
2023-04-17,1.5882058828231593,35634.69292404107,0.0,No action
2023-04-18,2.6278700081608815,35634.69292404107,0.0,No action
2023-04-19,2.989734514008229,35634.69292404107,0.0,No action
2023-04-20,3.0874209383180626,35634.69292404107,0.0,No action
2023-04-21,2.768788223472024,35634.69292404107,0.0,No action
2023-04-24,3.377242633524704,35634.69292404107,0.0,No action
2023-04-25,3.4729865112008333,35634.69292404107,0.0,No action
2023-04-26,2.9955598725134194,35634.69292404107,0.0,No action
2023-04-27,3.740797240684015,35634.69292404107,0.0,No action
2023-04-28,3.3275356870777166,35634.69292404107,0.0,No action
2023-05-04,3.612862140744601,35634.69292404107,0.0,No action
2023-05-05,2.852841735469633,35634.69292404107,0.0,No action
2023-05-08,2.7902592126756876,35634.69292404107,0.0,No action
2023-05-09,2.5970439887392844,35634.69292404107,0.0,No action
2023-05-10,2.424582066709415,35634.69292404107,0.0,No action
2023-05-11,2.752457709956752,35634.69292404107,0.0,No action
2023-05-12,1.8286432486571387,35634.69292404107,0.0,No action
2023-05-15,1.6883000957420744,35634.69292404107,0.0,No action
2023-05-16,1.7762036151308138,35634.69292404107,0.0,No action
2023-05-17,2.3147026674734867,35634.69292404107,0.0,No action
2023-05-18,1.8946433413471808,35634.69292404107,0.0,No action
2023-05-19,1.642010719191184,35634.69292404107,0.0,No action
2023-05-22,1.807387337503007,35634.69292404107,0.0,No action
2023-05-23,0.9915821819541126,35634.69292404107,0.0,No action
2023-05-24,0.6295376839334879,35634.69292404107,0.0,No action
2023-05-25,0.40913136991707016,35634.69292404107,0.0,No action
2023-05-26,0.2795061686656927,35634.69292404107,0.0,No action
2023-05-29,-0.11084445835081239,35634.69292404107,0.0,No action
2023-05-30,0.006767760147727736,35634.69292404107,0.0,No action
2023-05-31,-0.043514248695341394,35634.69292404107,0.0,No action
2023-06-01,0.3863279823520468,35634.69292404107,0.0,No action
2023-06-02,0.4322222886801247,35634.69292404107,0.0,No action
2023-06-05,0.341621168088334,35634.69292404107,0.0,No action
2023-06-06,0.043274231777524354,35634.69292404107,0.0,No action
2023-06-07,0.3412611837418074,35634.69292404107,0.0,No action
2023-06-08,0.3344634112217999,35634.69292404107,0.0,No action
2023-06-09,0.7907416777798634,35634.69292404107,0.0,No action
2023-06-12,0.27662857528938395,35634.69292404107,0.0,No action
2023-06-13,0.4848419143797109,35634.69292404107,0.0,No action
2023-06-14,0.3352909189396306,35634.69292404107,0.0,No action
2023-06-15,0.429057164105773,35634.69292404107,0.0,No action
2023-06-16,0.585405932065853,35634.69292404107,0.0,No action
2023-06-19,0.4574708321264311,35634.69292404107,0.0,No action
2023-06-20,0.5945413214423737,35634.69292404107,0.0,No action
2023-06-21,0.2772036376854619,0,0,Stop loss triggered
2023-06-26,0.5849734945708311,0,0,Stop loss triggered
2023-06-27,0.6258325828393405,0,0,Stop loss triggered
2023-06-28,0.8048047461911748,0,0,Stop loss triggered
2023-06-29,0.7248140382383088,0,0,Stop loss triggered
2023-06-30,0.9295747215562451,0,0,Stop loss triggered
2023-07-03,0.9977324389295468,0,0,Stop loss triggered
2023-07-04,1.0364689883910867,0,0,Stop loss triggered
2023-07-05,1.164404088330509,0,0,Stop loss triggered
2023-07-06,1.1490459888300624,0,0,Stop loss triggered
2023-07-07,0.8137250575181479,0,0,Stop loss triggered
2023-07-10,1.1379680528198375,0,0,Stop loss triggered
2023-07-11,1.0115079761428154,0,0,Stop loss triggered
2023-07-12,0.8481814434894666,0,0,Stop loss triggered
2023-07-13,0.9822668004043228,0,0,Stop loss triggered
2023-07-14,1.0899161218085036,0,0,Stop loss triggered
2023-07-17,0.8964133666740615,0,0,Stop loss triggered
2023-07-18,0.4463578102399198,0,0,Stop loss triggered
2023-07-19,0.759522869531384,0,0,Stop loss triggered
2023-07-20,0.4878994999292849,0,0,Stop loss triggered
2023-07-21,0.4836193364390674,0,0,Stop loss triggered
2023-07-24,0.2946842759928817,0,0,Stop loss triggered
2023-07-25,0.7903466075570584,0,0,Stop loss triggered
2023-07-26,0.4142390411251223,0,0,Stop loss triggered
2023-07-27,0.05312958984710592,0,0,Stop loss triggered
2023-07-28,0.17836708858348038,0,0,Stop loss triggered
2023-07-31,0.3620869387968403,0,0,Stop loss triggered
2023-08-01,0.736791935114856,0,0,Stop loss triggered
2023-08-02,0.8131499951220701,0,0,Stop loss triggered
2023-08-03,0.8197677754688085,0,0,Stop loss triggered
2023-08-04,0.9720163721119363,0,0,Stop loss triggered
2023-08-07,1.0426916985150085,0,0,Stop loss triggered
2023-08-08,1.2022055910494402,0,0,Stop loss triggered
2023-08-09,1.0581573370402326,0,0,Stop loss triggered
2023-08-10,0.5062427318308178,0,0,Stop loss triggered
2023-08-11,0.3379885201426859,0,0,Stop loss triggered
2023-08-14,0.27821113757656174,0,0,Stop loss triggered
2023-08-15,-0.0708853309486173,0,0,Stop loss triggered
2023-08-16,-0.06790019854754253,0,0,Stop loss triggered
2023-08-17,0.048776973208393096,0,0,Stop loss triggered
2023-08-18,-0.3537666287342145,0,0,Stop loss triggered
2023-08-21,-0.5261210117393104,0,0,Stop loss triggered
2023-08-22,-0.26287797694438875,0,0,Stop loss triggered
2023-08-23,-0.47396890941102443,0,0,Stop loss triggered
2023-08-24,-0.2123084369032728,0,0,Stop loss triggered
2023-08-25,0.46829632281489947,0,0,Stop loss triggered
2023-08-28,1.9533407708737176,0,0,Stop loss triggered
2023-08-29,1.7872090979925512,0,0,Stop loss triggered
2023-08-30,2.0439418914655043,0,0,Stop loss triggered
2023-08-31,1.7503426420162205,0,0,Stop loss triggered
2023-09-01,1.6422257972407353,0,0,Stop loss triggered
2023-09-04,0.2449422436696043,0,0,Stop loss triggered
2023-09-05,-0.07297050248338552,0,0,Stop loss triggered
2023-09-06,-0.4133266518548565,0,0,Stop loss triggered
2023-09-07,0.07248032163973861,0,0,Stop loss triggered
2023-09-08,0.25332257847678186,0,0,Stop loss triggered
2023-09-11,0.8972408743919,0,0,Stop loss triggered
2023-09-12,0.7977918956216237,0,0,Stop loss triggered
2023-09-13,0.5560572173025826,0,0,Stop loss triggered
2023-09-14,0.18850997785109314,0,0,Stop loss triggered
2023-09-15,0.11186438664584793,0,0,Stop loss triggered
2023-09-18,0.8061722304288012,0,0,Stop loss triggered
2023-09-19,0.011300368959701865,0,0,Stop loss triggered
2023-09-20,-0.3235530389809043,0,0,Stop loss triggered
2023-09-21,-0.47123394093576004,0,0,Stop loss triggered
2023-09-22,-0.0627200741909912,0,0,Stop loss triggered
2023-09-25,-0.3934733108146412,0,0,Stop loss triggered
2023-09-26,-0.500835101020791,0,0,Stop loss triggered
2023-09-27,-0.6379055903367259,0,0,Stop loss triggered
2023-09-28,-0.9331949410979614,0,0,Stop loss triggered
2023-10-09,-0.6132321092864935,0,0,Stop loss triggered
2023-10-10,-0.9977200105256033,0,0,Stop loss triggered
2023-10-11,-1.2138461610518074,0,0,Stop loss triggered
2023-10-12,-1.2109685676754947,0,0,Stop loss triggered
2023-10-13,-1.1343229764702418,0,0,Stop loss triggered
2023-10-16,-1.1501485993419924,0,0,Stop loss triggered
2023-10-17,-0.8222729560946551,0,0,Stop loss triggered
2023-10-18,-0.9590559142125588,0,0,Stop loss triggered
2023-10-19,-0.7206663526411308,0,0,Stop loss triggered
2023-10-20,-0.2239614353095758,0,0,Stop loss triggered
2023-10-23,-0.6951302779967854,0,0,Stop loss triggered
2023-10-24,-0.34966645741725444,0,0,Stop loss triggered
2023-10-25,-0.7369594988841855,0,0,Stop loss triggered
2023-10-26,-0.5042526709168914,0,0,Stop loss triggered
2023-10-27,-0.4875995403273102,0,0,Stop loss triggered
2023-10-30,-0.3249205232185346,0,0,Stop loss triggered
2023-10-31,-1.2140261532250687,0,0,Stop loss triggered
2023-11-01,-1.4603285262323702,0,0,Stop loss triggered
2023-11-02,-1.7083934537001066,0,0,Stop loss triggered
2023-11-03,-1.4677738142969432,0,0,Stop loss triggered
2023-11-06,-0.9000335862157778,0,0,Stop loss triggered
2023-11-07,-0.8979835005572958,0,0,Stop loss triggered
2023-11-08,-1.3934658399482034,0,0,Stop loss triggered
2023-11-09,-1.4467329811923628,0,0,Stop loss triggered
2023-11-10,-1.4510131446825802,0,0,Stop loss triggered
2023-11-13,-1.3823879039379783,0,0,Stop loss triggered
2023-11-14,-1.2563953506322607,0,0,Stop loss triggered
2023-11-15,-0.7528202076322185,0,0,Stop loss triggered
2023-11-16,-1.0987515515830497,0,0,Stop loss triggered
2023-11-17,-1.4114490875032097,0,0,Stop loss triggered
2023-11-20,-1.415549258820162,0,0,Stop loss triggered
2023-11-21,-1.3722450146703578,0,0,Stop loss triggered
2023-11-22,-1.5167607920508734,0,0,Stop loss triggered
2023-11-23,-1.499352606891953,0,0,Stop loss triggered
2023-11-24,-1.8280557578571248,0,0,Stop loss triggered
2023-11-27,-1.5319388993780507,0,0,Stop loss triggered
2023-11-28,-1.6935028775709606,0,0,Stop loss triggered
2023-11-29,-1.4988850835206409,0,0,Stop loss triggered
2023-11-30,-1.2508926092013997,0,0,Stop loss triggered
2023-12-01,-1.2241690424926892,0,0,Stop loss triggered
2023-12-04,-1.0739705315080437,0,0,Stop loss triggered
2023-12-05,-1.3530391891747158,0,0,Stop loss triggered
2023-12-06,-1.1552562705500484,0,0,Stop loss triggered
2023-12-07,-0.9178017557212327,0,0,Stop loss triggered
2023-12-08,-1.4080688848793104,0,0,Stop loss triggered
2023-12-11,-1.4414102319347593,0,0,Stop loss triggered
2023-12-12,-1.2834789016875092,0,0,Stop loss triggered
2023-12-13,-1.2725809578505494,0,0,Stop loss triggered
2023-12-14,-1.1334603828761247,0,0,Stop loss triggered
2023-12-15,-1.0382915675960815,0,0,Stop loss triggered
2023-12-18,-1.1907201564124668,0,0,Stop loss triggered
2023-12-19,-1.1551487315252706,0,0,Stop loss triggered
2023-12-20,-1.484786929233051,0,0,Stop loss triggered
2023-12-21,-1.1415531864852633,0,0,Stop loss triggered
2023-12-22,-1.0760930703150131,0,0,Stop loss triggered
2023-12-25,-1.0228259290708575,0,0,Stop loss triggered
2023-12-26,-0.809577371920966,0,0,Stop loss triggered
2023-12-27,-0.9632285386779986,0,0,Stop loss triggered
2023-12-28,-0.8960058680473131,0,0,Stop loss triggered
2023-12-29,-0.7965568892770445,0,0,Stop loss triggered
2024-01-02,-0.9073713352555771,0,0,Stop loss triggered
2024-01-03,-1.004122712822798,0,0,Stop loss triggered
2024-01-04,-1.1411932021387368,0,0,Stop loss triggered
2024-01-05,-1.1151171509745996,0,0,Stop loss triggered
2024-01-08,-1.230571744789884,0,0,Stop loss triggered
2024-01-09,-1.088753568612416,0,0,Stop loss triggered
2024-01-10,-1.0339038650810826,0,0,Stop loss triggered
2024-01-11,-1.0060652594565025,0,0,Stop loss triggered
2024-01-12,-1.1451858344309231,0,0,Stop loss triggered
2024-01-15,-1.1029966291969886,0,0,Stop loss triggered
2024-01-16,-1.6048092177365996,0,0,Stop loss triggered
2024-01-17,-1.8641320733878304,0,0,Stop loss triggered
2024-01-18,-1.7639280400482147,0,0,Stop loss triggered
2024-01-19,-1.1879874693331407,0,0,Stop loss triggered
2024-01-22,-1.081525639993321,0,0,Stop loss triggered
2024-01-23,-0.49385961772344106,0,0,Stop loss triggered
2024-01-24,-0.08405071988953343,0,0,Stop loss triggered
2024-01-25,-0.5805756450478271,0,0,Stop loss triggered
2024-01-26,-0.5869058941965227,0,0,Stop loss triggered
2024-01-29,-0.4300896028651423,0,0,Stop loss triggered
2024-01-30,-0.6271174669204667,0,0,Stop loss triggered
2024-01-31,-0.48835687629257624,0,0,Stop loss triggered
2024-02-01,-0.8422010316792847,0,0,Stop loss triggered
2024-02-02,-0.5987762520483,0,0,Stop loss triggered
2024-02-05,-1.2601751862708301,0,0,Stop loss triggered
2024-02-06,-0.4692585898217041,0,0,Stop loss triggered
2024-02-07,0.26914591995260173,0,0,Stop loss triggered
2024-02-08,-0.5051526317832176,0,0,Stop loss triggered
2024-02-19,-1.1966553353383573,0,0,Stop loss triggered
2024-02-20,-0.8751099412397156,0,0,Stop loss triggered
2024-02-21,-1.0126479539269586,0,0,Stop loss triggered
2024-02-22,-0.91478153744386,0,0,Stop loss triggered
2024-02-23,-1.0151655629567409,0,0,Stop loss triggered
2024-02-26,-1.0403065673782774,0,0,Stop loss triggered
2024-02-27,-0.9449577599249611,0,0,Stop loss triggered
2024-02-28,-0.44936788150927964,0,0,Stop loss triggered
2024-02-29,0.10243918467536144,0,0,Stop loss triggered
2024-03-01,0.6794947943063089,0,0,Stop loss triggered
2024-03-04,0.024966085752277715,0,0,Stop loss triggered
2024-03-05,0.3236005532611185,0,0,Stop loss triggered
2024-03-06,0.13736309401798807,0,0,Stop loss triggered
2024-03-07,0.5759456442190802,0,0,Stop loss triggered
2024-03-08,0.6230625284878055,0,0,Stop loss triggered
2024-03-11,0.5688603405010415,0,0,Stop loss triggered
2024-03-12,0.13819060173581488,0,0,Stop loss triggered
2024-03-13,0.057732370411648595,0,0,Stop loss triggered
2024-03-14,0.3035672200476458,0,0,Stop loss triggered
2024-03-15,1.576478149872442,0,0,Stop loss triggered
2024-03-18,1.2270941501492203,0,0,Stop loss triggered
2024-03-19,0.7125135242874403,0,0,Stop loss triggered
2024-03-20,0.16487908256824685,0,0,Stop loss triggered
2024-03-21,0.7586953618135533,0,0,Stop loss triggered
2024-03-22,0.35410167421247546,0,0,Stop loss triggered
2024-03-25,0.29572686176026,0,0,Stop loss triggered
2024-03-26,-0.1814122457291187,0,0,Stop loss triggered
2024-03-27,-0.3798426798983516,0,0,Stop loss triggered
2024-03-28,-0.16939926297628138,0,0,Stop loss triggered
2024-03-29,-0.15842886599083403,0,0,Stop loss triggered
2024-04-01,-0.06718022985448169,0,0,Stop loss triggered
2024-04-02,0.39197563007989844,0,0,Stop loss triggered
2024-04-03,0.8253429700481726,0,0,Stop loss triggered
2024-04-08,0.7788736013240167,0,0,Stop loss triggered
2024-04-09,0.5374989073515062,0,0,Stop loss triggered
2024-04-10,0.24483470464482662,0,0,Stop loss triggered
2024-04-11,0.09481618583345386,0,0,Stop loss triggered
2024-04-12,0.845628748583402,0,0,Stop loss triggered
2024-04-15,-0.35466430820460987,0,0,Stop loss triggered
2024-04-16,-1.3219630058272887,0,0,Stop loss triggered
2024-04-17,-0.5777682234240752,0,0,Stop loss triggered
2024-04-18,-0.8105475045398568,0,0,Stop loss triggered
2024-04-19,-0.9594509844353637,0,0,Stop loss triggered
2024-04-22,-1.0869185610034855,0,0,Stop loss triggered
2024-04-23,-1.7932043016629857,0,0,Stop loss triggered
2024-04-24,-1.2395271419931395,0,0,Stop loss triggered
2024-04-25,-1.6589389525748683,0,0,Stop loss triggered
2024-04-26,-0.6140596170043282,0,0,Stop loss triggered
2024-04-29,0.8082223160872792,0,0,Stop loss triggered
2024-04-30,-0.3288407023622216,0,0,Stop loss triggered
2024-05-06,0.057589745510592504,0,0,Stop loss triggered
2024-05-07,0.10265654412083186,0,0,Stop loss triggered
2024-05-08,-0.5006551088475257,0,0,Stop loss triggered
2024-05-09,0.023780875083843373,0,0,Stop loss triggered
2024-05-10,0.22836156622851053,0,0,Stop loss triggered
2024-05-13,0.0983763806306144,0,0,Stop loss triggered
2024-05-14,0.3394635434050782,0,0,Stop loss triggered
2024-05-15,0.6623039685928588,0,0,Stop loss triggered
2024-05-16,0.5762705426893284,0,0,Stop loss triggered
2024-05-17,0.421036813645122,0,0,Stop loss triggered
2024-05-20,1.0996639408533115,0,0,Stop loss triggered
2024-05-21,0.580910690526088,0,0,Stop loss triggered
2024-05-22,0.6104393974626118,0,0,Stop loss triggered
2024-05-23,-0.06549012854252623,0,0,Stop loss triggered
2024-05-24,-0.2344993948000091,0,0,Stop loss triggered
2024-05-27,0.11617963601235162,0,0,Stop loss triggered
2024-05-28,0.36945977371291794,0,0,Stop loss triggered
2024-05-29,1.1734319386822518,0,0,Stop loss triggered
2024-05-30,0.7530126282094233,0,0,Stop loss triggered
2024-05-31,0.48297182089449414,0,0,Stop loss triggered
2024-06-03,-0.02488348559577735,0,0,Stop loss triggered
2024-06-04,0.4356749444525115,0,0,Stop loss triggered
2024-06-05,0.5422092269408265,0,0,Stop loss triggered
2024-06-06,0.4928622648403619,0,0,Stop loss triggered
2024-06-07,0.087513522669933,0,0,Stop loss triggered
2024-06-11,-0.09163863285516258,0,0,Stop loss triggered
2024-06-12,0.1118270193736388,0,0,Stop loss triggered
2024-06-13,-0.3911006080818418,0,0,Stop loss triggered
2024-06-14,0.06388262738708284,0,0,Stop loss triggered
2024-06-17,-0.07178529181494336,0,0,Stop loss triggered
2024-06-18,0.15700135700865195,0,0,Stop loss triggered
2024-06-19,0.05010709017381033,0,0,Stop loss triggered
2024-06-20,-0.24507472156264368,0,0,Stop loss triggered
2024-06-21,-0.2566201809441768,0,0,Stop loss triggered
2024-06-24,-0.475803917019955,0,0,Stop loss triggered
2024-06-25,-0.18313971431327547,0,0,Stop loss triggered
2024-06-26,-0.5375589320960619,0,0,Stop loss triggered
2024-06-27,-0.6792695692487525,0,0,Stop loss triggered
2024-06-28,-0.4212417446866606,0,0,Stop loss triggered
2024-07-01,-0.33315823312465603,0,0,Stop loss triggered
2024-07-02,-0.22410634160655868,0,0,Stop loss triggered
2024-07-03,-0.0457816937992938,0,0,Stop loss triggered
2024-07-04,-0.2767984204546441,0,0,Stop loss triggered
2024-07-05,0.08812367094229719,0,0,Stop loss triggered
2024-07-08,-0.11505445008846912,0,0,Stop loss triggered
2024-07-09,0.5119956371875164,0,0,Stop loss triggered
2024-07-10,-0.0881508912064935,0,0,Stop loss triggered
2024-07-11,0.659856531315645,0,0,Stop loss triggered
2024-07-12,0.4786542901320675,0,0,Stop loss triggered
2024-07-15,0.8321384611722417,0,0,Stop loss triggered
2024-07-16,0.9189269416451151,0,0,Stop loss triggered
2024-07-17,0.7921068806215706,0,0,Stop loss triggered
2024-07-18,0.7005707132871677,0,0,Stop loss triggered
2024-07-19,0.5739306444368885,0,0,Stop loss triggered
2024-07-22,0.47271911120617693,0,0,Stop loss triggered
2024-07-23,0.02762631968311608,0,0,Stop loss triggered
2024-07-24,0.12642778290881523,0,0,Stop loss triggered
2024-07-25,-0.21522339755179853,0,0,Stop loss triggered
2024-07-26,0.2516652816451897,0,0,Stop loss triggered
2024-07-29,0.37701031940633406,0,0,Stop loss triggered
2024-07-30,0.5800084482638312,0,0,Stop loss triggered
2024-07-31,1.0984741673930234,0,0,Stop loss triggered
2024-08-01,1.0914964026997547,0,0,Stop loss triggered
2024-08-02,0.8350511404248405,0,0,Stop loss triggered
2024-08-05,0.4596986285622476,0,0,Stop loss triggered
2024-08-06,0.6402533542012556,0,0,Stop loss triggered
2024-08-07,1.0315390279603691,0,0,Stop loss triggered
2024-08-08,0.8468841310044048,0,0,Stop loss triggered
2024-08-09,0.7354221694813029,0,0,Stop loss triggered
2024-08-12,0.7641958218484913,0,0,Stop loss triggered
2024-08-13,0.7480826677787018,0,0,Stop loss triggered
2024-08-14,0.5652978643079504,0,0,Stop loss triggered
2024-08-15,0.7055334781982446,0,0,Stop loss triggered
2024-08-16,0.6196800444679795,0,0,Stop loss triggered
2024-08-19,0.810197667201343,0,0,Stop loss triggered
2024-08-20,0.4789769072063849,0,0,Stop loss triggered
2024-08-21,0.4543034261561565,0,0,Stop loss triggered
2024-08-22,0.18836279015818735,0,0,Stop loss triggered
2024-08-23,0.21666891915407163,0,0,Stop loss triggered
2024-08-26,0.2743962160617138,0,0,Stop loss triggered
2024-08-27,-0.8726296994821425,0,0,Stop loss triggered
2024-08-28,-0.7061380422544419,0,0,Stop loss triggered
2024-08-29,-0.8613717712986523,0,0,Stop loss triggered
2024-08-30,-0.6765368821694188,0,0,Stop loss triggered
2024-09-02,-1.2428745401366754,0,0,Stop loss triggered
2024-09-03,-1.2725832392464684,0,0,Stop loss triggered
2024-09-04,-1.2476222269981971,0,0,Stop loss triggered
2024-09-05,-1.0733977505078964,0,0,Stop loss triggered
2024-09-06,-0.9480527127467481,0,0,Stop loss triggered
2024-09-09,-0.9346371598800061,0,0,Stop loss triggered
2024-09-10,-1.027755889501579,0,0,Stop loss triggered
2024-09-11,-0.9978671982185131,0,0,Stop loss triggered
2024-09-12,-1.0882883266370387,0,0,Stop loss triggered
2024-09-13,-1.0397688722544085,0,0,Stop loss triggered
2024-09-18,-0.7703755804840526,0,0,Stop loss triggered
2024-09-19,-0.41066869931994887,0,0,Stop loss triggered
2024-09-20,-0.526230832160007,0,0,Stop loss triggered
2024-09-23,-0.8255128152134211,0,0,Stop loss triggered
2024-09-24,-0.926471903122376,0,0,Stop loss triggered
2024-09-25,-0.6586611736391941,0,0,Stop loss triggered
2024-09-26,-0.41433643314187923,0,0,Stop loss triggered
2024-09-27,-0.15530110868869537,0,0,Stop loss triggered
2024-09-30,0.4010385663079238,0,0,Stop loss triggered
2024-10-08,0.07406288392690859,0,0,Stop loss triggered
2024-10-09,-0.0340913281207817,0,0,Stop loss triggered
2024-10-10,0.582635877714314,0,0,Stop loss triggered
2024-10-11,0.11017200393797347,0,0,Stop loss triggered
2024-10-14,0.19052269623736598,0,0,Stop loss triggered
2024-10-15,-0.09030851588974145,0,0,Stop loss triggered
2024-10-16,-0.19684279837805654,0,0,Stop loss triggered
2024-10-17,-0.344056176961608,0,0,Stop loss triggered
2024-10-18,-0.03351626572470374,0,0,Stop loss triggered
2024-10-21,-0.013410479362735674,0,0,Stop loss triggered
2024-10-22,0.03798656839620705,0,0,Stop loss triggered
2024-10-23,0.3807527877726905,0,0,Stop loss triggered
2024-10-24,-0.030638672348394944,0,0,Stop loss triggered
2024-10-25,0.17570457325671524,0,0,Stop loss triggered
2024-10-28,0.33744854362288634,0,0,Stop loss triggered
2024-10-29,0.18595500154910954,0,0,Stop loss triggered
2024-10-30,0.14293828859734434,0,0,Stop loss triggered
2024-10-31,0.3486340186578851,0,0,Stop loss triggered
2024-11-01,0.9437453289923303,0,0,Stop loss triggered
2024-11-04,0.37068235165356145,0,0,Stop loss triggered
2024-11-05,0.6592463830432848,0,0,Stop loss triggered
2024-11-06,0.5869884943530269,0,0,Stop loss triggered
2024-11-07,0.4338048509672947,0,0,Stop loss triggered
2024-11-08,-0.3931857796166022,0,0,Stop loss triggered
2024-11-11,0.7244189680155,0,0,Stop loss triggered
2024-11-12,0.8778901425992635,0,0,Stop loss triggered
2024-11-13,0.8778901425992635,0,0,Stop loss triggered
2024-11-14,0.13779553151300994,0,0,Stop loss triggered
2024-11-15,-0.23392433240393112,0,0,Stop loss triggered
2024-11-18,-0.27014327283568873,0,0,Stop loss triggered
2024-11-19,0.0743855010012299,0,0,Stop loss triggered
2024-11-20,0.25066006315001277,0,0,Stop loss triggered
2024-11-21,0.35057656529159337,0,0,Stop loss triggered
2024-11-22,0.12394754115124207,0,0,Stop loss triggered
2024-11-25,0.35953196249484887,0,0,Stop loss triggered
2024-11-26,0.07747817242709013,0,0,Stop loss triggered
2024-11-27,-0.10113400657821371,0,0,Stop loss triggered
2024-11-28,-0.1316702134058413,0,0,Stop loss triggered
2024-11-29,-0.1713418096099896,0,0,Stop loss triggered
2024-12-02,0.19228525069780508,0,0,Stop loss triggered
2024-12-03,0.1666767229049683,0,0,Stop loss triggered
2024-12-04,0.003817713622919689,0,0,Stop loss triggered
2024-12-05,0.02421103118293454,0,0,Stop loss triggered
2024-12-06,0.03798656839620705,0,0,Stop loss triggered
2024-12-09,-0.42584452525120325,0,0,Stop loss triggered
2024-12-10,-0.297154370742442,0,0,Stop loss triggered
2024-12-11,-0.05272209122035745,0,0,Stop loss triggered
2024-12-12,-0.6539112053817455,0,0,Stop loss triggered
2024-12-13,-1.0904436699243598,0,0,Stop loss triggered
2024-12-16,-0.5790281686369277,0,0,Stop loss triggered
2024-12-17,-0.5697127870871458,0,0,Stop loss triggered
2024-12-18,-0.6859224354717693,0,0,Stop loss triggered
2024-12-19,-0.7779261261774727,0,0,Stop loss triggered
2024-12-20,-0.49716736719885274,0,0,Stop loss triggered
2024-12-23,-0.6108594065536942,0,0,Stop loss triggered
2024-12-24,-0.3072972600100626,0,0,Stop loss triggered
2024-12-25,-0.1305551744899755,0,0,Stop loss triggered
2024-12-26,-0.27395591295461375,0,0,Stop loss triggered
2024-12-27,-0.003915105639684539,0,0,Stop loss triggered
2024-12-30,-0.21417853038848958,0,0,Stop loss triggered
2024-12-31,-0.24079455807242622,0,0,Stop loss triggered
