排名,板块名称,板块代码,最新价,涨跌额,涨跌幅,总市值,换手率,上涨家数,下跌家数,领涨股票,领涨股票-涨跌幅
1,粮食种植,BK1515,1190.32,82.17,7.42,45977600000,4.99,2,0,北大荒,8.12
2,其他养殖,BK1510,1052.23,69.62,7.09,11553025000,1.73,3,0,*ST天山,16.58
3,铝,BK1613,2974.55,154.91,5.49,1146839328000,3.89,29,1,常铝股份,10.02
4,体育Ⅲ,BK1564,1246.58,55.29,4.64,13106676000,7.07,2,0,力盛体育,8.08
5,体育Ⅱ,BK1273,1246.58,55.29,4.64,13106676000,7.07,2,0,力盛体育,8.08
6,通信线缆及配套,BK1592,21353.98,901.18,4.41,593433488000,6.78,12,0,亨通光电,10.01
7,林业Ⅲ,BK1502,5407.44,215.81,4.16,30169061000,17.14,4,0,平潭发展,10.04
8,林业Ⅱ,BK1255,5407.44,215.81,4.16,30169061000,17.14,4,0,平潭发展,10.04
9,房产租赁经纪,BK1341,1648.24,63.31,3.99,22211209000,2.76,2,0,宁波富达,9.98
10,黄金,BK1617,7120.1,267.36,3.9,628492272000,2.36,10,0,赤峰黄金,7.29
11,涂料,BK1469,1272.21,43.42,3.53,41033731000,0.79,2,0,三棵树,6.39
12,氨纶,BK1412,2631.19,89.7,3.53,52404463000,1.1,1,0,华峰化学,3.53
13,种子,BK1518,4726.92,159.37,3.49,66690052000,6.93,10,0,秋乐种业,6.81
14,种植业,BK1261,2881.78,94.19,3.38,177587696000,4.94,20,1,新农开发,10.07
15,工业金属,BK1287,3421.89,107.46,3.24,3217405200000,2.47,52,7,常铝股份,10.02
16,贵金属,BK0732,2760.53,83.61,3.12,759935600000,2.53,12,1,赤峰黄金,7.29
17,玻纤制造,BK1462,11017.75,324.39,3.03,331080448000,3.5,6,2,宏和科技,10.0
18,文字媒体,BK1298,2878.88,77.93,2.78,30512376000,7.31,2,0,中文在线,3.24
19,医美服务,BK1499,646.18,16.96,2.7,6131099000,2.02,1,0,*ST美谷,2.69
20,航天装备Ⅲ,BK1385,5800.02,150.24,2.66,464068640000,2.38,9,0,航天环宇,5.84
21,航天装备Ⅱ,BK1232,5800.02,150.24,2.66,464068640000,2.38,9,0,航天环宇,5.84
22,其他种植业,BK1516,1067.01,27.6,2.66,49037538000,3.6,4,1,新农开发,10.07
23,大气治理,BK1388,3682.16,89.97,2.5,81652132000,4.13,5,3,雪浪环境,19.98
24,其他医疗服务,BK1599,4984.62,119.91,2.46,25394943000,3.44,4,1,合富中国,10.01
25,其他金属新材料,BK1619,3634.77,86.82,2.45,207415878000,2.04,15,5,族兴新材,19.76
26,印染,BK1351,1564.88,36.65,2.4,16670563000,1.99,4,0,富春染织,3.97
27,农药,BK1436,3408.84,79.18,2.38,271870752000,2.01,32,2,中农联合,10.02
28,半导体设备,BK1326,30638.0,687.09,2.29,1233445776000,1.62,19,3,金海通,10.0
29,粮油加工,BK1504,1635.43,34.81,2.17,191076316000,4.7,9,1,金健米业,9.96
30,有色金属,BK0478,28203.95,569.17,2.06,5994757376000,2.62,105,36,常铝股份,10.02
31,食用菌,BK1517,1536.88,30.01,1.99,15882505000,2.53,4,0,众兴菌业,3.63
32,医药流通,BK1607,2243.86,42.11,1.91,252940853000,1.43,21,2,塞力医疗,10.01
33,国际工程,BK1475,2953.89,55.42,1.91,63902043000,1.9,4,0,中材国际,2.79
34,院线,BK1300,736.12,13.55,1.88,45308230000,1.4,4,0,金逸影视,2.57
35,医药商业,BK1042,1192.9,20.55,1.75,338437536000,1.34,29,2,塞力医疗,10.01
36,水产饲料,BK1509,6254.97,104.44,1.7,98018151000,2.04,3,1,天马科技,7.52
37,预加工食品,BK1581,6890.35,114.17,1.68,69567784000,1.75,10,1,千味央厨,4.03
38,农化制品,BK0731,1986.46,32.2,1.65,1150511664000,3.94,53,9,中农联合,10.02
39,军工电子Ⅲ,BK1386,7380.66,113.88,1.57,1141016368000,3.08,48,14,富吉瑞,9.06
40,军工电子Ⅱ,BK1233,7380.66,113.88,1.57,1141016368000,3.08,48,14,富吉瑞,9.06
41,水泥制品,BK1463,2394.02,34.51,1.46,35059561000,1.67,9,0,国统股份,2.62
42,复合肥,BK1433,3881.07,55.39,1.45,95899980000,7.96,9,0,金正大,2.59
43,非运动服装,BK1352,2189.25,31.11,1.44,242761386000,1.41,35,3,棒杰股份,10.01
44,基建市政工程,BK1472,2373.76,33.56,1.43,908581824000,1.53,22,6,安徽建工,10.11
45,医疗研发外包,BK1600,6931.59,96.23,1.41,642387792000,2.91,21,8,海特生物,8.81
46,水泥,BK0424,30468.37,421.11,1.4,335547216000,1.1,20,3,福建水泥,4.63
47,纺织化学制品,BK1423,1512.36,20.89,1.4,99242214000,1.87,10,1,锦鸡股份,5.03
48,农林牧渔,BK0433,15708.73,214.22,1.38,1383015680000,2.71,79,33,金健米业,9.96
49,印刷,BK1534,4830.86,65.19,1.37,25800423000,4.22,5,0,江天科技,1.91
50,水泥制造,BK1464,2427.86,32.62,1.36,300487664000,1.0,11,3,福建水泥,4.63
51,通信工程及服务,BK1588,3208.35,42.78,1.35,110446509000,3.48,18,2,润建股份,4.99
52,烘焙食品,BK1582,805.71,10.73,1.35,45221105000,0.91,8,1,元祖股份,5.61
53,摩托车,BK1521,3451.51,45.89,1.35,152623346000,1.35,6,3,钱江摩托,5.54
54,电视广播Ⅲ,BK1291,1435.93,18.89,1.33,157806463000,1.54,11,3,贵广网络,9.98
55,电视广播Ⅱ,BK1219,1435.93,18.89,1.33,157806463000,1.54,11,3,贵广网络,9.98
56,摩托车及其他,BK1263,3862.52,50.73,1.33,236983640000,1.67,15,4,林海股份,5.84
57,其他小金属,BK1624,5239.94,68.5,1.32,439696672000,4.59,12,3,西部材料,9.52
58,其他运输设备,BK1522,2151.96,27.96,1.32,84360294000,2.51,9,1,林海股份,5.84
59,玻璃玻纤,BK0546,59312.88,766.42,1.31,399554576000,2.47,9,7,宏和科技,10.0
60,医疗服务,BK0727,1333.92,17.1,1.3,938116064000,2.23,39,15,合富中国,10.01
61,熟食,BK1584,2195.19,28.1,1.3,23655263000,0.61,3,0,紫燕食品,2.93
62,国防军工,BK1204,6396.74,81.78,1.3,3346425280000,2.09,105,35,广联航空,20.0
63,运动服装,BK1355,3244.49,41.46,1.29,21060963000,3.41,3,1,探路者,4.13
64,养殖业,BK1259,3995.98,50.84,1.29,565866608000,1.13,14,7,*ST天山,16.58
65,棉纺,BK1349,2830.51,35.79,1.28,55230492000,2.58,7,1,百隆东方,3.31
66,服装家纺,BK1225,2494.82,31.48,1.28,339571440000,1.5,50,10,棒杰股份,10.01
67,线下药店,BK1606,3679.63,46.29,1.27,85496679000,0.9,8,0,漱玉平民,2.9
68,金属新材料,BK1288,5602.19,70.07,1.27,377264784000,1.8,23,11,族兴新材,19.76
69,电商服务,BK1546,2359.66,29.37,1.26,44060644000,2.92,5,3,狮头股份,9.99
70,农产品加工,BK1256,2511.98,31.09,1.25,310329936000,2.47,20,8,金健米业,9.96
71,国有大型银行Ⅲ,BK1611,2997.81,36.73,1.24,10519136768000,0.12,6,0,工商银行,2.3
72,影视院线,BK1222,3871.33,46.34,1.21,198270798000,1.88,18,0,金逸影视,2.57
73,房屋建设Ⅲ,BK1470,2265.6,27.02,1.21,291045792000,0.77,5,1,高新发展,6.18
74,房屋建设Ⅱ,BK1246,2265.6,27.02,1.21,291045792000,0.77,5,1,高新发展,6.18
75,软饮料,BK1586,1883.08,22.07,1.19,204692821000,0.95,8,0,维维股份,2.58
76,铅锌,BK1614,2585.36,30.17,1.18,235751663000,2.46,11,1,中色股份,2.13
77,餐饮,BK1559,1674.04,19.5,1.18,14078844000,2.12,2,2,*ST云网,4.93
78,航空装备Ⅲ,BK1384,4861.28,56.16,1.17,1119723248000,1.23,35,13,广联航空,20.0
79,航空装备Ⅱ,BK1231,4861.28,56.16,1.17,1119723248000,1.23,35,13,广联航空,20.0
80,通信设备,BK0448,21896.87,248.93,1.15,3261465488000,3.75,55,32,亨通光电,10.01
81,综合电商,BK1548,1198.1,13.58,1.15,32881628000,0.77,1,2,国联股份,-0.6
82,房地产服务,BK1045,1271.43,14.4,1.15,58004657000,2.7,7,3,宁波富达,9.98
83,风电整机,BK1314,2184.46,24.6,1.14,219956650000,3.03,3,2,运达股份,3.52
84,家电零部件Ⅲ,BK1455,5109.04,56.99,1.13,407079120000,2.28,18,18,宏昌科技,19.99
85,家电零部件Ⅱ,BK1242,5109.04,56.99,1.13,407079120000,2.28,18,18,宏昌科技,19.99
86,合成树脂,BK1438,8473.7,93.72,1.12,153915974000,7.13,8,5,神剑股份,9.97
87,综合Ⅲ,BK1627,13680.4,148.4,1.1,213506069000,1.98,11,7,漳州发展,10.08
88,综合,BK1217,13680.4,148.4,1.1,213506069000,1.98,11,7,漳州发展,10.08
89,综合Ⅱ,BK0539,13680.4,148.4,1.1,213506069000,1.98,11,7,漳州发展,10.08
90,塑料包装,BK1533,4619.05,49.52,1.08,42555564000,2.08,6,2,金富科技,4.57
91,膜材料,BK1439,3501.9,37.17,1.07,212123163000,7.43,13,7,乐凯胶片,10.05
92,鞋帽及其他,BK1354,680.28,7.2,1.07,41280955000,1.65,8,3,恒辉安防,4.91
93,管材,BK1466,1976.3,20.78,1.06,39149674000,1.02,6,1,伟星新材,2.64
94,通信,BK1215,7512.39,78.75,1.06,6353268480000,1.68,84,43,亨通光电,10.01
95,其他塑料制品,BK1440,4825.56,50.08,1.05,144174849000,2.1,14,9,万凯新材,11.13
96,基础建设,BK1247,2437.2,24.97,1.04,1000020160000,1.62,33,13,安徽建工,10.11
97,中药Ⅲ,BK1608,1414.45,14.33,1.02,840350704000,1.31,52,13,太极集团,3.97
98,中药Ⅱ,BK1040,1414.45,14.33,1.02,840350704000,1.31,52,13,太极集团,3.97
99,影视动漫制作,BK1299,3892.12,39.37,1.02,152962567000,1.98,14,0,华谊兄弟,2.55
100,建筑材料,BK1208,3880.47,39.19,1.02,1027389856000,1.58,51,23,宏和科技,10.0
101,房地产综合服务,BK1342,1895.36,19.1,1.02,5486128000,2.04,1,0,珠江股份,1.02
102,板材,BK1367,1006.21,10.1,1.01,562555552000,1.03,13,0,马钢股份,2.93
103,教育出版,BK1290,2259.5,22.2,0.99,132241823000,0.49,9,1,山东出版,2.53
104,纺织服饰,BK0436,14275.64,139.9,0.99,685595088000,1.6,81,26,棒杰股份,10.01
105,普钢,BK1226,918.84,8.92,0.98,615226352000,1.02,18,0,马钢股份,2.93
106,原料药,BK1595,3851.55,37.06,0.97,354908624000,3.06,31,15,美诺华,10.01
107,出版,BK1218,2076.75,19.77,0.96,266724785000,0.91,25,3,粤 传 媒,5.03
108,调味发酵品Ⅲ,BK1576,4826.91,45.44,0.95,375819104000,2.23,11,4,安记食品,3.37
109,调味发酵品Ⅱ,BK1278,4826.91,45.44,0.95,375819104000,2.23,11,4,安记食品,3.37
110,通信网络设备及器件,BK1591,12373.59,116.18,0.95,2187145744000,3.47,20,14,世嘉科技,7.18
111,化学制药,BK0465,37946.3,355.74,0.95,2471002320000,2.34,109,50,东诚药业,10.03
112,磷肥及磷化工,BK1435,3669.42,34.3,0.94,236380098000,3.52,7,2,和邦生物,3.15
113,大众出版,BK1289,1869.01,17.47,0.94,134482961000,1.29,16,2,粤 传 媒,5.03
114,化学制剂,BK1594,4119.07,38.21,0.94,2116093696000,2.14,78,35,东诚药业,10.03
115,医院,BK1601,7296.67,67.22,0.93,222029866000,1.88,10,5,普瑞眼科,8.16
116,长材,BK1369,626.55,5.72,0.92,21573115000,0.96,2,0,凌钢股份,1.48
117,炼油化工,BK1569,3558.89,32.48,0.92,3433590000000,0.22,6,4,统一股份,5.49
118,其他专业工程,BK1477,4130.64,37.67,0.92,266113599000,2.72,9,9,中铝国际,9.98
119,畜禽饲料,BK1508,2169.25,19.61,0.91,61866850000,2.28,6,3,正虹科技,2.6
120,农业综合Ⅲ,BK1506,2620.75,23.3,0.9,12106079000,1.65,3,0,辉隆股份,1.27
121,农业综合Ⅱ,BK1257,2620.75,23.3,0.9,12106079000,1.65,3,0,辉隆股份,1.27
122,锦纶,BK1414,649.51,5.69,0.88,25558994000,1.35,3,1,恒申新材,4.52
123,制冷空调设备,BK1400,4311.46,37.62,0.88,144754798000,2.56,12,7,亿利达,10.04
124,互联网电商,BK1268,2863.84,24.97,0.88,125481335000,1.42,11,7,狮头股份,9.99
125,其他家电Ⅲ,BK1456,1304.96,11.35,0.88,11681145000,1.28,3,0,融捷健康,1.53
126,其他家电Ⅱ,BK1243,1304.96,11.35,0.88,11681145000,1.28,3,0,融捷健康,1.53
127,通信服务,BK0736,1188.01,10.08,0.86,3091803056000,0.94,29,11,润建股份,4.99
128,钢铁管材,BK1368,739.22,6.27,0.86,31097690000,0.81,3,0,友发集团,1.2
129,其他通信设备,BK1590,5991.75,48.89,0.82,95160182000,1.78,8,6,长江通信,10.0
130,果蔬加工,BK1503,2979.16,23.73,0.8,34570644000,1.69,4,2,ST朗源,2.26
131,商业地产,BK1345,1324.33,10.53,0.8,233683592000,0.65,8,3,新城控股,3.33
132,医药生物,BK1216,4819.22,38.2,0.8,6926513408000,1.82,333,168,东诚药业,10.03
133,金属制品,BK1396,5835.4,46.14,0.8,767745584000,4.19,49,30,欧科亿,14.32
134,公路货运,BK1487,4889.01,38.43,0.79,29596171000,1.34,3,1,天顺股份,3.64
135,其他汽车零部件,BK1528,5128.35,39.51,0.78,362294816000,2.01,32,22,华达科技,10.0
136,建筑装饰,BK1209,3272.96,25.14,0.77,2124775104000,1.56,103,56,安徽建工,10.11
137,其他饰品,BK1356,656.96,5.04,0.77,5840159000,0.64,1,0,瑞贝卡,0.77
138,民爆制品,BK1427,5137.04,38.81,0.76,137797944000,2.34,8,4,壶化股份,5.6
139,半导体材料,BK1325,8367.62,61.25,0.74,584403696000,1.78,18,9,艾森股份,5.32
140,化妆品制造及其他,BK1497,2647.55,19.07,0.73,31289043000,1.24,4,3,青松股份,3.08
141,轨交设备Ⅲ,BK1394,1855.65,13.34,0.72,451047504000,1.61,22,10,神州高铁,10.0
142,轨交设备Ⅱ,BK1236,1855.65,13.34,0.72,451047504000,1.61,22,10,神州高铁,10.0
143,铜,BK1615,3600.89,25.85,0.72,1834814208000,1.33,12,5,众源新材,3.14
144,专业连锁Ⅲ,BK1555,1495.93,10.62,0.72,54915832000,2.12,6,1,吉峰科技,2.19
145,专业连锁Ⅱ,BK1270,1495.93,10.62,0.72,54915832000,2.12,6,1,吉峰科技,2.19
146,其他农产品加工,BK1505,2781.18,19.6,0.71,84682973000,1.82,7,5,华资实业,3.53
147,纺织制造,BK1224,2688.03,18.92,0.71,205856031000,1.99,19,11,富春染织,3.97
148,塑料,BK0454,20318.31,142.03,0.7,663391712000,4.4,47,31,神剑股份,9.97
149,家纺,BK1353,4439.37,30.06,0.68,34468132000,1.06,4,3,罗莱生活,3.01
150,装修装饰Ⅲ,BK1478,883.44,5.94,0.68,118427365000,1.24,16,6,豪尔赛,2.84
151,装修装饰Ⅱ,BK0725,883.44,5.94,0.68,118427365000,1.24,16,6,豪尔赛,2.84
152,其他生物制品,BK1596,7974.11,52.68,0.67,649461152000,2.2,24,14,三生国健,11.79
153,城商行Ⅲ,BK1609,1545.23,10.2,0.66,1251931472000,0.44,13,1,厦门银行,3.91
154,数字媒体,BK1221,6594.1,43.39,0.66,214930295000,2.72,13,1,中文在线,3.24
155,小金属,BK1027,3801.41,24.75,0.66,1052880640000,3.06,15,9,西部材料,9.52
156,厨房电器,BK1451,9722.39,63.19,0.65,42417719000,2.52,3,3,华帝股份,5.68
157,其他家居用品,BK1540,7058.97,45.82,0.65,201646040000,1.48,11,11,联翔股份,9.99
158,装修建材,BK0476,16889.65,107.4,0.64,292288064000,1.57,22,13,三棵树,6.39
159,超市,BK1552,1884.29,11.73,0.63,81121553000,0.84,6,1,红旗连锁,1.09
160,工程咨询服务Ⅲ,BK1471,850.41,5.25,0.62,223541546000,2.07,27,19,中衡设计,9.98
161,工程咨询服务Ⅱ,BK0726,850.41,5.25,0.62,223541546000,2.07,27,19,中衡设计,9.98
162,其他化学原料,BK1420,3544.19,21.88,0.62,183935274000,3.68,8,9,维远股份,10.03
163,专业工程,BK1248,4274.41,26.36,0.62,491740224000,2.24,22,17,中铝国际,9.98
164,食品及饲料添加剂,BK1429,2559.19,15.28,0.6,311505712000,1.52,17,7,新 和 成,4.35
165,诊断服务,BK1602,5594.39,33.33,0.6,48303466000,1.65,4,1,金域医学,1.13
166,医疗设备,BK1605,6120.81,36.03,0.59,614357824000,1.32,19,23,海泰新光,19.99
167,休闲食品,BK1281,2222.6,12.95,0.59,170088882000,1.05,20,3,元祖股份,5.61
168,化妆品,BK1252,2169.31,12.6,0.58,127143506000,0.96,8,7,青松股份,3.08
169,风电设备,BK1032,1743.88,10.1,0.58,532982432000,4.89,17,13,飞沃科技,10.62
170,铁路运输,BK1485,1593.8,9.15,0.58,416501056000,0.37,6,1,铁龙物流,1.46
171,资产管理,BK1364,4117.35,23.41,0.57,41056233000,0.48,2,2,四川双马,2.37
172,其他数字媒体,BK1295,741.58,4.07,0.55,8578209000,1.6,2,0,风语筑,0.86
173,肉制品,BK1580,2855.15,15.54,0.55,130063693000,1.25,5,2,广弘控股,1.74
174,白银,BK1616,5840.29,30.75,0.53,131443335000,3.2,2,1,湖南白银,1.53
175,港口,BK1481,1680.97,8.79,0.53,567128272000,0.59,10,5,唐山港,7.49
176,氟化工,BK1424,12818.88,66.93,0.52,276525104000,1.89,5,5,金石资源,2.4
177,安防设备,BK1445,5210.18,27.02,0.52,470426864000,0.78,12,14,中威电子,6.81
178,传媒,BK0486,10661.35,55.18,0.52,1658285568000,1.48,95,33,贵广网络,9.98
179,生物制品,BK1044,1044.41,5.29,0.51,987679616000,1.33,35,23,三生国健,11.79
180,集成电路封测,BK1328,6665.35,33.47,0.5,285548624000,2.16,7,6,伟测科技,3.36
181,动力煤,BK1493,2277.6,11.27,0.5,2022736512000,1.1,10,6,电投能源,5.02
182,期货,BK1361,566.73,2.78,0.49,55246035000,1.22,2,1,南华期货,3.54
183,饰品,BK0734,447.71,2.17,0.49,140167624000,1.33,12,5,ST萃华,2.95
184,金属包装,BK1532,3064.59,14.73,0.48,66956743000,1.29,5,2,中锐股份,1.52
185,百货,BK1551,2108.39,10.05,0.48,145372151000,1.32,14,6,东百集团,2.89
186,风电零部件,BK1313,2590.47,12.15,0.47,313025792000,6.05,14,11,飞沃科技,10.62
187,钟表珠宝,BK1357,2211.69,10.29,0.47,134327464000,1.43,11,5,ST萃华,2.95
188,通信应用增值服务,BK1589,5086.78,23.55,0.47,297201920000,4.84,10,7,数据港,2.54
189,人力资源服务,BK1568,2129.81,9.83,0.46,25460583000,0.57,2,1,外服控股,1.39
190,品牌化妆品,BK1498,1490.19,6.83,0.46,95854462000,0.77,4,4,上海家化,2.87
191,银行,BK1283,4138.7,18.87,0.46,15003655424000,0.19,29,6,厦门银行,3.91
192,银行Ⅱ,BK0475,4138.7,18.87,0.46,15003655424000,0.19,29,6,厦门银行,3.91
193,食品加工,BK1280,4666.04,21.23,0.46,258569039000,1.51,17,9,千味央厨,4.03
194,通用设备,BK0545,49061.49,222.6,0.46,1935803088000,2.92,139,104,亿利达,10.04
195,工程机械器件,BK1392,15950.15,72.26,0.46,188680728000,0.93,6,7,恒立钻具,6.82
196,机场,BK1480,2000.52,9.04,0.45,154790983000,0.48,2,2,厦门空港,2.8
197,辅料,BK1348,2481.82,11.13,0.45,19652693000,0.58,3,1,伟星股份,1.76
198,园林工程,BK1473,3803.0,16.93,0.45,91438337000,2.52,11,7,棕榈股份,4.3
199,钢铁,BK0479,9400.42,41.03,0.44,1050838832000,1.0,28,11,马钢股份,2.93
200,商用载货车,BK1530,2126.07,9.19,0.43,245146286000,0.94,5,2,福田汽车,1.4
201,地面兵装Ⅲ,BK1382,4311.9,18.61,0.43,168164651000,3.03,7,5,银河电子,3.26
202,地面兵装Ⅱ,BK1229,4311.9,18.61,0.43,168164651000,3.03,7,5,银河电子,3.26
203,线缆部件及其他,BK1312,4067.18,17.54,0.43,402671488000,4.79,16,21,杭电股份,10.01
204,食品饮料,BK0438,27950.31,117.22,0.42,4364165632000,1.19,89,39,元祖股份,5.61
205,包装印刷,BK1265,4101.06,17.17,0.42,283972656000,2.49,31,16,金富科技,4.57
206,水产养殖,BK1514,718.18,2.97,0.42,13241317000,2.44,2,1,獐子岛,1.86
207,娱乐用品,BK1543,3035.48,12.5,0.41,85385562000,3.4,10,7,舒华体育,6.7
208,仪器仪表,BK0458,19256.41,78.91,0.41,368153280000,1.74,37,26,光格科技,7.69
209,生猪养殖,BK1512,4174.59,16.65,0.4,485463472000,1.06,5,6,京基智农,9.98
210,基础化工,BK1206,3848.06,15.19,0.4,5094362880000,2.96,250,187,中农联合,10.02
211,IT服务Ⅲ,BK1444,9114.16,35.74,0.39,1555443936000,2.7,71,60,海峡创新,13.06
212,IT服务Ⅱ,BK1238,9114.16,35.74,0.39,1555443936000,2.7,71,60,海峡创新,13.06
213,图片媒体,BK1297,3483.72,13.51,0.39,14452912000,1.8,1,0,视觉中国,0.39
214,文娱用品,BK1266,3774.72,14.48,0.39,128009949000,2.62,13,8,舒华体育,6.7
215,体外诊断,BK1603,3677.3,13.38,0.37,271971712000,2.03,23,16,九安医疗,9.99
216,其他酒类,BK1578,1566.99,5.67,0.36,68527867000,0.71,6,4,会稽山,1.45
217,锂,BK1621,18949.05,65.84,0.35,442888944000,7.15,3,5,融捷股份,5.38
218,其他建材Ⅲ,BK1468,4822.74,16.69,0.35,128139391000,1.95,8,7,华立股份,4.01
219,疫苗,BK1598,4381.46,15.02,0.34,236476537000,1.09,9,5,沃森生物,3.65
220,橡胶助剂,BK1443,4110.57,14.06,0.34,36647752000,1.39,2,0,彤程新材,0.36
221,被动元件,BK1339,8911.08,30.1,0.34,301143744000,3.26,8,10,江海股份,7.11
222,肉鸡养殖,BK1511,3272.47,10.97,0.34,68850107000,1.16,6,1,湘佳股份,0.88
223,跨境电商,BK1547,2488.52,8.19,0.33,48539062000,1.96,5,2,跨境通,1.13
224,环保设备Ⅲ,BK1387,3570.85,11.69,0.33,155241633000,1.91,14,12,法尔胜,10.01
225,环保设备Ⅱ,BK1234,3570.85,11.69,0.33,155241633000,1.91,14,12,法尔胜,10.01
226,门户网站,BK1294,3183.22,9.98,0.31,122775118000,2.32,7,1,*ST返利,2.93
227,商贸零售,BK1213,2389.71,7.43,0.31,1014188256000,1.17,60,38,狮头股份,9.99
228,防水材料,BK1465,7889.27,24.18,0.31,49119019000,2.71,2,1,凯伦股份,1.42
229,学历教育,BK1558,2379.75,7.28,0.31,12718515000,0.92,2,0,国脉科技,0.42
230,一般零售,BK0482,17939.75,54.88,0.31,512072496000,0.97,37,18,东百集团,2.89
231,非白酒,BK1279,2153.2,6.27,0.29,246488554000,0.77,11,6,ST西发,1.51
232,检测服务,BK1566,8048.44,23.39,0.29,151472798000,1.61,9,14,实朴检测,4.86
233,航运港口,BK0450,12458.14,35.11,0.28,1292585952000,0.92,18,14,唐山港,7.49
234,文化用品,BK1542,3041.48,8.56,0.28,42624386000,0.7,3,1,晨光股份,0.85
235,饮料乳品,BK1282,2334.24,6.54,0.28,465194832000,1.02,17,9,维维股份,2.58
236,原材料供应链服务,BK1490,3360.22,9.15,0.27,125817821000,1.01,7,5,厦门象屿,2.89
237,磨具磨料,BK1397,7345.28,19.96,0.27,114674926000,3.24,7,7,黄河旋风,3.16
238,商用车,BK1264,2890.85,7.73,0.27,342719184000,0.99,7,5,福田汽车,1.4
239,营销代理,BK1293,4977.19,13.04,0.26,232759468000,2.31,21,6,三人行,3.75
240,饲料,BK1258,3762.57,9.83,0.26,196723571000,2.23,9,8,天马科技,7.52
241,耐火材料,BK1467,2248.74,5.76,0.26,34846243000,0.96,4,4,中钢洛耐,3.14
242,广告营销,BK1220,5233.39,12.54,0.24,334743744000,1.55,23,7,三人行,3.75
243,计算机设备,BK0735,1651.11,3.82,0.23,1234438080000,1.43,44,44,鸿泉技术,13.34
244,煤化工,BK1419,2249.75,5.16,0.23,330303760000,4.29,6,4,江苏索普,8.7
245,渔业,BK1260,1124.35,2.51,0.22,20206564000,2.39,3,2,中水渔业,1.88
246,医疗器械,BK1041,985.01,2.16,0.22,1350927040000,1.67,69,65,海泰新光,19.99
247,汽车电子电气系统,BK1529,3923.49,8.13,0.21,483848304000,1.67,15,25,威帝股份,7.07
248,啤酒,BK1577,2720.65,5.19,0.19,177960686000,0.82,5,2,ST西发,1.51
249,氮肥,BK1432,2491.17,4.73,0.19,126581200000,7.29,3,3,华鲁恒升,2.48
250,特钢Ⅲ,BK1370,2324.56,4.34,0.19,221133934000,0.76,8,4,抚顺特钢,2.36
251,特钢Ⅱ,BK1227,2324.56,4.34,0.19,221133934000,0.76,8,4,抚顺特钢,2.36
252,通信终端及配件,BK1593,3979.73,7.07,0.18,385726080000,2.04,15,12,澄天伟业,5.96
253,半导体,BK1036,2097.89,3.7,0.18,7528115968000,1.71,72,100,锴威特,20.0
254,纺织服装设备,BK1401,3524.3,6.12,0.17,78457707000,2.6,6,7,泰坦股份,9.98
255,生活用纸,BK1495,1407.78,2.43,0.17,65279272000,1.22,4,5,洁雅股份,2.06
256,多业态零售,BK1553,1588.61,2.65,0.17,81238038000,1.0,9,4,百联股份,1.56
257,计算机,BK1207,8698.19,14.22,0.16,4515723776000,2.13,172,180,云赛智联,10.0
258,特种纸,BK1545,2526.3,3.9,0.15,73506715000,1.78,8,5,华旺科技,2.21
259,化学工程,BK1476,2790.67,4.18,0.15,88937034000,1.57,4,3,利柏特,2.13
260,汽车,BK1211,4383.45,6.52,0.15,5194267392000,1.36,158,154,华达科技,10.0
261,胶黏剂及胶带,BK1425,3027.71,4.48,0.15,22306738000,2.36,3,2,永冠新材,2.03
262,机械设备,BK1205,4677.27,6.8,0.15,5922192640000,1.93,298,294,亿利达,10.04
263,纸包装,BK1535,2165.16,3.09,0.14,130299354000,3.25,13,8,*ST集友,2.46
264,光学元件,BK1334,13354.33,19.02,0.14,323857760000,2.2,10,15,福晶科技,10.0
265,其他专用设备,BK1405,5440.63,7.62,0.14,777949984000,1.85,43,46,江顺科技,10.0
266,化学制品,BK0538,32793.81,45.52,0.14,1805446704000,2.2,92,82,山东赫达,9.99
267,电机Ⅲ,BK1307,2561.49,3.28,0.13,283762432000,3.42,8,18,祥明智能,7.66
268,电机Ⅱ,BK1030,2561.49,3.28,0.13,283762432000,3.42,8,18,祥明智能,7.66
269,酒店餐饮,BK1271,2551.51,3.26,0.13,83168425000,1.66,6,4,*ST云网,4.93
270,轻工制造,BK1212,3613.81,4.33,0.12,1134232544000,1.84,94,69,联翔股份,9.99
271,汽车零部件,BK0481,48920.86,58.33,0.12,2818339024000,1.67,129,133,华达科技,10.0
272,元件,BK0459,38889.4,43.07,0.11,1895733088000,2.36,26,35,江海股份,7.11
273,其他计算机设备,BK1446,8411.06,9.04,0.11,764011232000,1.79,32,30,鸿泉技术,13.34
274,其他通用设备,BK1398,5939.68,6.17,0.1,409472064000,2.51,26,24,航天动力,9.99
275,白酒Ⅲ,BK1575,4781.36,4.83,0.1,2848005232000,0.49,13,8,金徽酒,1.89
276,白酒Ⅱ,BK1277,4781.36,4.83,0.1,2848005232000,0.49,13,8,金徽酒,1.89
277,水务及水治理,BK1390,2157.6,2.11,0.1,309530288000,1.25,22,28,深水海纳,10.85
278,炼化及贸易,BK1274,3730.32,3.64,0.1,3631676592000,0.4,15,15,统一股份,5.49
279,物业管理,BK1343,1982.99,1.84,0.09,30307319000,2.73,4,3,皇庭国际,3.13
280,其他石化,BK1570,3372.28,2.99,0.09,123408548000,2.56,9,5,博汇股份,4.96
281,车身附件及饰件,BK1525,5534.45,4.87,0.09,524669488000,1.11,19,20,峰璟股份,5.53
282,交通运输,BK1210,2623.05,2.28,0.09,3563590976000,0.71,62,59,唐山港,7.49
283,商业物业经营,BK1554,1810.27,1.47,0.08,204340754000,0.64,8,7,锦和商管,2.26
284,航运,BK1482,1629.81,1.24,0.08,725457680000,1.51,8,9,海通发展,2.33
285,化学纤维,BK0471,19210.84,14.5,0.08,304148224000,2.23,14,12,恒申新材,4.52
286,其他橡胶制品,BK1441,4932.42,3.5,0.07,65529963000,2.26,8,7,利通科技,6.02
287,股份制银行Ⅲ,BK1610,2399.26,1.7,0.07,2960579584000,0.25,4,3,华夏银行,0.84
288,家用电器,BK0456,24169.65,15.6,0.06,1981287264000,1.4,46,59,宏昌科技,19.99
289,聚氨酯,BK1426,3854.28,2.32,0.06,290827328000,2.36,5,4,沧州大化,4.33
290,公交,BK1484,1732.42,1.04,0.06,39536658000,0.53,4,3,江西长运,1.21
291,钼,BK1623,1312.84,0.7,0.05,75017298000,0.7,1,0,金钼股份,0.05
292,航海装备Ⅲ,BK1383,5449.82,2.65,0.05,453452384000,1.35,6,3,海兰信,2.17
293,航海装备Ⅱ,BK1230,5449.82,2.65,0.05,453452384000,1.35,6,3,海兰信,2.17
294,视频媒体,BK1296,980.35,0.47,0.05,38611677000,0.75,1,0,芒果超媒,0.05
295,广告媒体,BK1292,2627.91,0.99,0.04,101984271000,0.59,2,1,华媒控股,0.24
296,端到端供应链服务,BK1491,1747.04,0.62,0.04,25601742000,1.5,4,3,畅联股份,1.12
297,铁路公路,BK0421,8946.84,2.57,0.03,841284464000,0.44,18,14,福建高速,3.24
298,垂直应用软件,BK1447,9158.82,2.39,0.03,1141414080000,2.39,48,50,云赛智联,10.0
299,环保,BK0728,582.76,0.15,0.03,973365104000,1.83,57,73,法尔胜,10.01
300,物流,BK0422,7878.72,1.38,0.02,722963392000,0.88,22,22,天顺股份,3.64
301,轮胎轮毂,BK1527,3148.13,0.43,0.01,259606163000,1.12,11,10,兆丰股份,1.97
302,印制电路板,BK1340,8137.86,1.0,0.01,1594589360000,2.05,18,25,中英科技,6.73
303,房地产,BK1202,2107.88,0.1,0.0,1083900880000,1.16,44,50,宁波富达,9.98
304,美容护理,BK1035,1009.94,0.01,0.0,293165376000,1.06,14,17,青松股份,3.08
305,非金属材料Ⅲ,BK1411,1915.85,-0.18,-0.01,101960847000,2.13,6,6,秉扬科技,4.07
306,非金属材料Ⅱ,BK1020,1915.85,-0.18,-0.01,101960847000,2.13,6,6,秉扬科技,4.07
307,其他纺织,BK1350,2075.78,-0.23,-0.01,63421081000,2.08,5,8,台华新材,1.67
308,农商行Ⅲ,BK1612,466.81,-0.06,-0.01,272007600000,0.64,6,2,紫金银行,0.72
309,能源金属,BK1015,1020.56,-0.26,-0.03,587271248000,5.84,3,8,融捷股份,5.38
310,海洋捕捞,BK1513,1308.56,-0.4,-0.03,6965246000,2.17,1,1,中水渔业,1.88
311,商用载客车,BK1531,3858.83,-1.18,-0.03,97572896000,1.2,2,3,宇通客车,1.09
312,化学原料,BK1019,1159.45,-0.41,-0.04,936458800000,2.8,28,34,维远股份,10.03
313,涤纶,BK1413,1902.32,-0.83,-0.04,83977726000,2.3,5,5,彩蝶实业,1.52
314,环境治理,BK1235,2583.38,-1.23,-0.05,818123472000,1.82,43,61,雪浪环境,19.98
315,分立器件,BK1327,13028.26,-6.42,-0.05,456052160000,1.56,3,15,锴威特,20.0
316,航空机场,BK0420,4648.67,-2.42,-0.05,706757152000,0.64,4,9,厦门空港,2.8
317,工程机械,BK0739,2298.81,-1.26,-0.05,751297008000,1.49,13,19,恒立钻具,6.82
318,动物保健Ⅲ,BK1501,4700.4,-2.7,-0.06,70026170000,1.05,6,7,生物股份,2.01
319,动物保健Ⅱ,BK1254,4700.4,-2.7,-0.06,70026170000,1.05,6,7,生物股份,2.01
320,专业服务,BK1043,1463.44,-1.1,-0.08,206396888000,1.31,13,20,实朴检测,4.86
321,家居用品,BK0440,51507.75,-39.53,-0.08,539369424000,1.37,36,36,联翔股份,9.99
322,工控设备,BK1407,5673.78,-4.56,-0.08,441591808000,1.2,14,17,科瑞技术,3.92
323,电子,BK1201,10661.34,-8.74,-0.08,14514663168000,2.09,190,298,锴威特,20.0
324,电动乘用车,BK1519,6371.15,-5.28,-0.08,1178112992000,1.35,2,1,比亚迪,0.8
325,血液制品,BK1597,5150.53,-4.43,-0.09,101741930000,0.4,2,4,博晖创新,0.84
326,租赁,BK1365,3171.86,-2.84,-0.09,78460162000,0.88,1,2,江苏金租,1.85
327,造纸,BK1267,2766.05,-2.52,-0.09,182880521000,1.45,14,9,荣晟环保,3.56
328,纺织鞋类制造,BK1347,497.79,-0.46,-0.09,50881200000,0.08,0,1,华利集团,-0.09
329,乳品,BK1585,2324.56,-2.32,-0.1,260502015000,1.05,9,9,天润乳业,2.39
330,医疗美容,BK1253,1190.87,-1.23,-0.1,79871767000,1.3,1,3,*ST美谷,2.69
331,软件开发,BK0737,1179.93,-1.29,-0.11,1725841648000,1.98,57,76,云赛智联,10.0
332,跨境物流,BK1488,1814.36,-2.11,-0.12,186276474000,0.87,5,7,中创物流,3.18
333,煤炭开采,BK1250,1826.03,-2.15,-0.12,2235586912000,1.33,13,13,电投能源,5.02
334,照明设备Ⅲ,BK1460,2685.3,-3.24,-0.12,85202658000,1.75,6,9,得邦照明,6.21
335,照明设备Ⅱ,BK1245,2685.3,-3.24,-0.12,85202658000,1.75,6,9,得邦照明,6.21
336,专用设备,BK0910,3584.69,-4.33,-0.12,1649931872000,1.57,91,108,江顺科技,10.0
337,教育运营及其他,BK1556,1698.49,-2.21,-0.13,21493708000,1.22,1,2,博瑞传播,0.82
338,光学光电子,BK1038,1977.98,-2.71,-0.14,1294568304000,2.38,32,63,福晶科技,10.0
339,机床工具,BK1395,1764.68,-2.52,-0.14,131002424000,1.32,8,10,宇环数控,1.66
340,房地产开发,BK0451,14668.46,-21.17,-0.14,1025896224000,1.07,37,47,新城控股,3.33
341,其他自动化设备,BK1410,6439.55,-9.64,-0.15,255526570000,1.76,10,16,田中精机,7.55
342,锂电池,BK1303,18863.5,-30.03,-0.16,2518499888000,4.63,11,21,科达利,10.0
343,模拟芯片设计,BK1330,5561.85,-8.97,-0.16,498182880000,1.62,13,22,臻镭科技,6.04
344,高速公路,BK1483,2747.0,-4.53,-0.16,385246752000,0.56,8,10,福建高速,3.24
345,冶钢辅料,BK1372,6185.06,-10.24,-0.17,119586885000,0.91,1,3,鄂尔多斯,1.35
346,钢结构,BK1474,3236.39,-5.39,-0.17,72787546000,1.55,5,5,日上集团,1.31
347,其他化学制品,BK1428,4338.86,-7.31,-0.17,490147296000,3.06,35,42,山东赫达,9.99
348,冰洗,BK1449,2074.16,-3.71,-0.18,247460380000,0.9,5,4,澳柯玛,1.88
349,医疗耗材,BK1604,4622.73,-8.51,-0.18,464597520000,1.61,27,26,英科医疗,6.51
350,面板,BK1335,3023.36,-5.78,-0.19,691060560000,1.99,14,27,翰博高新,8.89
351,清洁小家电,BK1459,2326.52,-4.77,-0.2,114730600000,0.86,3,4,富佳股份,0.64
352,农用机械,BK1404,1835.34,-3.82,-0.21,49081213000,1.15,4,6,天鹅股份,1.71
353,底盘与发动机系统,BK1526,4692.6,-9.83,-0.21,1187920240000,1.95,52,56,奥联电子,6.65
354,教育,BK0740,661.9,-1.4,-0.21,89003084000,1.31,7,8,行动教育,2.25
355,彩电,BK1453,4310.57,-9.29,-0.22,113822682000,1.08,1,2,*ST高斯,1.04
356,证券Ⅲ,BK1366,138209.16,-298.06,-0.22,3408336336000,0.56,18,30,华林证券,2.14
357,证券Ⅱ,BK0473,138209.16,-298.06,-0.22,3408336336000,0.56,18,30,华林证券,2.14
358,贸易Ⅲ,BK1550,11548.2,-25.05,-0.22,163615227000,1.82,6,10,厦门信达,1.89
359,贸易Ⅱ,BK0484,11548.2,-25.05,-0.22,163615227000,1.82,6,10,厦门信达,1.89
360,厨卫电器,BK1240,6752.21,-15.04,-0.22,61934145000,2.78,4,5,华帝股份,5.68
361,玻璃制造,BK1461,2164.23,-4.85,-0.22,68474123000,1.54,3,5,旗滨集团,1.04
362,汽车经销商,BK1523,1555.27,-3.55,-0.23,23028860000,0.83,3,2,北巴传媒,1.72
363,厨房小家电,BK1457,2279.29,-5.29,-0.23,81621324000,1.04,4,7,新宝股份,1.75
364,零食,BK1583,1909.96,-4.44,-0.23,101212513000,1.36,9,2,黑芝麻,1.52
365,改性塑料,BK1437,6332.05,-15.02,-0.24,153177720000,1.73,12,10,美联新材,1.39
366,电信运营商,BK1587,965.14,-2.29,-0.24,2684154624000,0.25,1,2,中国移动,0.09
367,自动化设备,BK1237,9912.53,-25.41,-0.26,1134113184000,1.46,33,53,田中精机,7.55
368,社会服务,BK1214,4538.56,-12.06,-0.27,549542592000,1.51,32,54,力盛体育,8.08
369,能源及重型设备,BK1403,2503.29,-6.72,-0.27,585335312000,1.31,27,32,神开股份,2.73
370,住宅开发,BK1346,1999.86,-5.48,-0.27,621113600000,1.2,23,37,中国武夷,3.13
371,橡胶,BK1018,1651.96,-4.78,-0.29,132444952000,2.19,10,13,利通科技,6.02
372,楼宇设备,BK1402,2507.07,-7.63,-0.3,100979819000,1.52,7,9,华菱精工,7.78
373,LED,BK1333,8293.02,-25.3,-0.3,279650000000,4.32,8,21,晨丰科技,7.08
374,石油石化,BK0464,7580.5,-24.21,-0.32,5977970688000,0.68,21,28,统一股份,5.49
375,瓷砖地板,BK1538,1367.36,-4.38,-0.32,75697297000,1.15,5,7,海象新材,3.45
376,消费电子零部件及组装,BK1338,12330.04,-40.14,-0.32,2624841440000,1.44,28,57,传艺科技,7.07
377,培训教育,BK1557,4680.99,-15.4,-0.33,54790859000,1.42,4,6,行动教育,2.25
378,消费电子,BK1037,1910.49,-6.35,-0.33,2906641248000,1.43,34,62,传艺科技,7.07
379,涂料油墨,BK1430,3415.67,-11.41,-0.33,69584148000,1.61,6,10,飞鹿股份,1.45
380,航空运输,BK1479,1516.47,-5.07,-0.33,551966176000,0.67,2,7,中国东航,0.46
381,镍,BK1622,7074.84,-23.7,-0.33,113234631000,2.74,0,1,华友钴业,-0.35
382,氯碱,BK1418,2431.0,-8.26,-0.34,184789366000,2.01,6,8,中泰化学,2.1
383,钾肥,BK1434,2909.89,-9.89,-0.34,419779632000,1.5,2,2,东方铁塔,0.8
384,仓储物流,BK1486,4613.18,-15.95,-0.34,38075139000,0.92,3,2,音飞储存,0.8
385,产业地产,BK1344,2526.57,-8.76,-0.35,171099024000,0.87,6,7,上海临港,0.9
386,成品家居,BK1537,2659.42,-9.41,-0.35,121654831000,1.55,8,8,*ST亚振,3.47
387,煤炭,BK0437,13970.45,-49.53,-0.35,2306614176000,1.75,15,18,电投能源,5.02
388,综合包装,BK1536,1416.69,-5.05,-0.36,18360572000,2.12,2,4,新通联,0.95
389,大宗用纸,BK1544,2371.54,-8.5,-0.36,109373805000,1.3,6,4,荣晟环保,3.56
390,锂电专用设备,BK1304,26077.77,-93.5,-0.36,205909072000,2.26,4,14,赢合科技,7.52
391,信托,BK1363,2152.61,-7.72,-0.36,79857563000,0.51,1,1,陕国投Ａ,0.59
392,工程机械整机,BK1393,4685.63,-17.44,-0.37,562616272000,1.53,7,12,铁拓机械,3.72
393,综合环境治理,BK1391,1806.38,-6.79,-0.37,69805483000,2.86,5,8,绿茵生态,2.19
394,品牌消费电子,BK1337,2681.92,-10.48,-0.39,281799808000,1.31,6,5,漫步者,3.23
395,无机盐,BK1422,2954.59,-11.85,-0.4,102163636000,2.3,5,5,雪天盐业,1.86
396,电子化学品Ⅲ,BK1332,2390.16,-9.6,-0.4,496926224000,3.06,14,19,安集科技,4.12
397,电子化学品Ⅱ,BK1039,2390.16,-9.6,-0.4,496926224000,3.06,14,19,安集科技,4.12
398,磁性材料,BK1618,5308.01,-22.39,-0.42,169848907000,1.52,8,6,龙磁科技,2.38
399,非银金融,BK1203,2508.29,-10.93,-0.43,6919858432000,0.59,25,53,南华期货,3.54
400,激光设备,BK1409,13947.34,-62.37,-0.45,255431028000,2.96,4,6,大族激光,1.8
401,钨,BK1625,8338.24,-37.55,-0.45,251477359000,4.35,2,2,翔鹭钨业,1.45
402,纯碱,BK1417,1243.41,-5.64,-0.45,61193698000,2.19,1,4,双环科技,0.81
403,其他化学纤维,BK1415,3285.66,-15.41,-0.47,114952875000,2.2,4,4,皖维高新,0.87
404,卫浴制品,BK1541,743.2,-3.54,-0.47,40200212000,1.02,4,2,惠达卫浴,1.35
405,有机硅,BK1431,3216.36,-15.94,-0.49,107510215000,1.03,3,7,集泰股份,0.45
406,横向通用软件,BK1448,6972.49,-34.89,-0.5,584427568000,1.11,9,26,永信至诚,2.36
407,汽车服务,BK1016,977.62,-5.06,-0.51,62527312000,0.88,5,5,北巴传媒,1.72
408,定制家居,BK1539,8341.77,-43.83,-0.52,100171034000,1.32,8,8,皮阿诺,3.17
409,冶钢原料,BK1228,4166.75,-21.92,-0.52,214478539000,1.1,2,7,广东明珠,1.47
410,油气开采Ⅲ,BK1574,5051.25,-26.72,-0.53,2051680336000,3.79,3,2,海南矿业,2.9
411,油气开采Ⅱ,BK1276,5051.25,-26.72,-0.53,2051680336000,3.79,3,2,海南矿业,2.9
412,多元金融,BK0738,656.8,-3.72,-0.56,593164256000,0.99,7,18,南华期货,3.54
413,机器人,BK1408,8292.83,-47.63,-0.57,181563774000,0.9,5,14,绿的谐波,1.64
414,酒店,BK1560,2660.47,-15.33,-0.57,69089580000,1.42,4,2,华天酒店,1.01
415,数字芯片设计,BK1331,21557.2,-125.0,-0.58,3301353936000,1.72,12,38,沐曦股份-U,4.06
416,粘胶,BK1416,2135.01,-12.47,-0.58,27254163000,3.78,1,2,新乡化纤,0.45
417,稀土,BK1626,9304.77,-56.17,-0.6,286689312000,1.59,0,4,北方稀土,-0.25
418,其他电子Ⅲ,BK1336,13528.58,-82.62,-0.61,392678256000,3.69,12,19,洁美科技,4.52
419,其他电子Ⅱ,BK1223,13528.58,-82.62,-0.61,392678256000,3.69,12,19,洁美科技,4.52
420,电池,BK1033,1523.76,-9.38,-0.61,3843542464000,3.94,27,77,科达利,10.0
421,钛白粉,BK1421,2052.36,-13.02,-0.63,74073079000,2.26,2,4,安 纳 达,0.63
422,其他电源设备Ⅲ,BK1322,8909.34,-58.36,-0.65,423893248000,2.03,9,17,中远通,1.74
423,燃料电池,BK1305,392.98,-2.63,-0.66,6446259000,1.33,0,1,亿华通-U,-0.67
424,小家电,BK1244,2407.96,-16.26,-0.67,217717474000,1.0,8,13,彩虹集团,2.93
425,游戏Ⅲ,BK1301,1442.87,-9.82,-0.68,485809488000,1.31,5,19,电魂网络,2.52
426,游戏Ⅱ,BK1046,1442.87,-9.82,-0.68,485809488000,1.31,5,19,电魂网络,2.52
427,个护用品,BK1251,730.15,-5.12,-0.7,86150096000,1.12,5,7,洁雅股份,2.06
428,油田服务,BK1573,2133.97,-15.54,-0.72,209309594000,1.28,3,5,贝肯能源,1.08
429,固废治理,BK1389,3211.34,-23.52,-0.73,357135568000,2.16,11,22,中兰环保,5.45
430,配电设备,BK1310,3986.19,-29.22,-0.73,255961024000,2.72,6,20,新宏泰,9.99
431,自然景区,BK1563,3265.15,-24.4,-0.74,70194275000,1.61,2,11,ST张家界,1.09
432,快递,BK1489,5567.01,-43.24,-0.77,317596048000,0.46,0,4,韵达股份,-0.15
433,黑色家电,BK1241,4271.2,-34.66,-0.8,161190099000,1.26,2,7,*ST高斯,1.04
434,铁矿石,BK1371,2124.04,-17.34,-0.81,94891653000,1.84,1,4,广东明珠,1.47
435,白色家电,BK1239,3319.51,-27.15,-0.81,1036482624000,0.7,5,7,澳柯玛,1.88
436,乘用车,BK1262,4848.36,-41.37,-0.85,1733698320000,0.66,2,7,比亚迪,0.8
437,汽车综合服务,BK1524,1065.09,-9.22,-0.86,39498452000,0.94,2,3,浩物股份,0.62
438,电网设备,BK0457,41440.64,-368.1,-0.88,1935116304000,3.17,31,104,杭电股份,10.01
439,其他电源设备Ⅱ,BK1034,3043.87,-27.29,-0.89,701104720000,1.55,9,23,中远通,1.74
440,硅料硅片,BK1319,2177.88,-19.83,-0.9,106889158000,2.64,1,4,*ST沐邦,3.83
441,电力设备,BK1200,7037.15,-65.94,-0.93,9141931264000,3.75,101,295,科达利,10.0
442,人工景区,BK1562,3135.26,-29.66,-0.94,39587307000,0.72,1,4,中青旅,0.11
443,电池化学品,BK1302,12740.0,-123.01,-0.96,1015236880000,3.8,10,33,天赐材料,4.08
444,蓄电池及其他电池,BK1306,2658.74,-27.72,-1.03,97450355000,4.06,2,8,浙江恒威,1.94
445,医美耗材,BK1500,1642.39,-17.19,-1.04,73740667000,0.41,0,3,华熙生物,-0.48
446,核力发电,BK1376,664.34,-7.07,-1.05,529910192000,0.6,0,3,中国核电,-0.11
447,油品石化贸易,BK1571,3350.19,-35.94,-1.06,74678040000,3.53,0,6,广汇能源,-0.14
448,旅游及景区,BK1272,3431.45,-37.0,-1.07,157867511000,1.36,4,22,ST张家界,1.09
449,焦煤,BK1494,1244.56,-13.86,-1.1,212850399000,1.97,3,7,潞安环能,3.39
450,综合电力设备商,BK1323,1507.8,-16.8,-1.1,248250640000,0.89,0,2,上海电气,-0.99
451,保健品,BK1579,3897.94,-43.9,-1.11,58937561000,1.86,2,6,汤臣倍健,0.55
452,油服工程,BK1275,2355.28,-27.76,-1.16,294613696000,1.61,3,11,贝肯能源,1.08
453,其他黑色家电,BK1454,2948.05,-35.75,-1.2,47367416000,1.8,1,5,辰奕智能,0.88
454,其他专业服务,BK1567,1062.62,-12.95,-1.2,14160393000,1.89,1,3,中金辐照,3.33
455,综合乘用车,BK1520,3310.9,-41.15,-1.23,555585344000,0.48,0,6,上汽集团,-0.28
456,焦炭Ⅲ,BK1492,1002.48,-12.47,-1.23,71027262000,4.33,2,5,陕西黑猫,1.39
457,焦炭Ⅱ,BK1249,1002.48,-12.47,-1.23,71027262000,4.33,2,5,陕西黑猫,1.39
458,金融控股,BK1359,2432.24,-30.56,-1.24,301031504000,1.22,1,9,越秀资本,1.3
459,燃气Ⅲ,BK1381,2087.76,-26.25,-1.24,320854096000,2.92,8,22,ST金鸿,4.58
460,燃气Ⅱ,BK1028,2087.76,-26.25,-1.24,320854096000,2.92,8,22,ST金鸿,4.58
461,印刷包装机械,BK1406,2651.28,-35.87,-1.33,58127840000,2.27,4,8,华研精机,1.34
462,炭黑,BK1442,2057.31,-27.89,-1.34,30267236000,2.43,0,6,永东股份,-0.26
463,钴,BK1620,1181.32,-16.4,-1.37,31147667000,2.25,0,2,腾远钴业,-0.96
464,电工仪器仪表,BK1308,2892.32,-42.11,-1.44,96315024000,2.31,1,13,华盛昌,10.0
465,集成电路制造,BK1329,2835.33,-42.96,-1.49,1169128928000,1.38,0,7,芯联集成-U,-0.62
466,电网自动化设备,BK1309,7503.54,-125.67,-1.65,520604704000,1.98,4,24,红相股份,2.74
467,旅游综合,BK1561,2117.85,-36.09,-1.68,48085928000,1.71,1,7,众信旅游,0.15
468,输变电设备,BK1311,4781.25,-83.96,-1.73,659564064000,2.95,4,26,美硕科技,1.63
469,油气及炼化工程,BK1572,2137.39,-38.17,-1.75,85304105000,2.37,0,6,潜能恒信,-0.2
470,光伏电池组件,BK1315,3207.06,-59.47,-1.82,448654960000,7.04,5,18,国晟科技,10.0
471,旅游零售Ⅲ,BK1549,7671.64,-143.22,-1.83,158103369000,0.9,0,2,中国中免,-1.14
472,旅游零售Ⅱ,BK1269,7671.64,-143.22,-1.83,158103369000,0.9,0,2,中国中免,-1.14
473,保险Ⅲ,BK1358,1353.56,-25.9,-1.88,2918357856000,0.27,0,5,中国平安,-1.32
474,保险Ⅱ,BK0474,1353.56,-25.9,-1.88,2918357856000,0.27,0,5,中国平安,-1.32
475,金融信息服务,BK1360,4866.07,-94.29,-1.9,37512750000,1.77,0,3,翠微股份,-0.63
476,会展服务,BK1565,1122.13,-22.0,-1.92,15303113000,0.98,1,2,兰生股份,0.51
477,卫浴电器,BK1452,1692.53,-34.1,-1.97,19516425000,3.2,1,2,万和电气,0.22
478,光伏主材,BK1318,14662.66,-340.55,-2.27,227704923000,1.91,0,3,通威股份,-1.59
479,火电设备,BK1321,1546.96,-36.86,-2.33,28960821000,2.91,0,4,西子洁能,-0.84
480,光伏设备,BK1031,1555.33,-41.1,-2.57,1845422976000,4.83,9,60,国晟科技,10.0
481,宠物食品,BK1507,1786.14,-48.4,-2.64,36838569000,2.39,0,4,路斯股份,-0.98
482,光伏辅材,BK1316,2926.22,-79.98,-2.66,205559320000,2.8,1,17,联泓新科,2.17
483,个护小家电,BK1458,930.84,-25.76,-2.69,21365548000,1.4,1,2,彩虹集团,2.93
484,空调,BK1450,12560.64,-349.78,-2.71,789022240000,0.52,0,3,格力电器,-0.61
485,洗护用品,BK1496,622.63,-21.24,-3.3,20870823000,0.7,1,2,润本股份,1.18
486,逆变器,BK1320,23372.57,-845.84,-3.49,596761168000,4.68,1,8,德业股份,0.12
487,其他能源发电,BK1378,1871.31,-68.87,-3.55,14385577000,2.48,0,2,顺发恒能,-1.78
488,热力服务,BK1379,3326.41,-123.55,-3.58,138817948000,5.54,1,17,惠天热电,3.29
489,光伏发电,BK1375,4211.93,-166.95,-3.81,171970767000,9.56,2,11,*ST聆达,4.4
490,公用事业,BK0427,10449.07,-418.65,-3.85,4425282304000,2.95,12,129,川能动力,5.94
491,风力发电,BK1374,2475.7,-102.31,-3.97,748205440000,3.32,1,14,川能动力,5.94
492,水力发电,BK1380,4168.93,-177.18,-4.08,1154600672000,1.02,0,10,华能水电,-0.2
493,光伏加工设备,BK1317,8569.03,-366.73,-4.1,259853442000,3.29,1,10,欧普泰,0.32
494,电力,BK0428,21479.85,-1036.85,-4.6,4104428112000,2.95,4,107,川能动力,5.94
495,电能综合服务,BK1373,3888.07,-214.7,-5.23,258016693000,4.32,0,16,广西能源,-0.91
496,火力发电,BK1377,2471.94,-156.81,-5.97,1088520832000,3.0,0,34,淮河能源,-0.74
